timestamp,open,high,low,close,volume
2025-01-13 00:00:00,0.6999,0.7002,0.6997,0.7001,6335.0
2025-01-13 00:01:00,0.7001,0.7003,0.7001,0.7002,8783.0
2025-01-13 00:02:00,0.7002,0.7011,0.7002,0.7007,25905.0
2025-01-13 00:03:00,0.7005,0.7008,0.7005,0.7008,9178.0
2025-01-13 00:04:00,0.7007,0.7009,0.7007,0.7009,12061.0
2025-01-13 00:05:00,0.7009,0.7017,0.7009,0.701,10024.0
2025-01-13 00:06:00,0.7009,0.7009,0.7007,0.7009,13668.0
2025-01-13 00:07:00,0.701,0.7012,0.701,0.7011,9675.0
2025-01-13 00:08:00,0.7011,0.7015,0.701,0.7011,11143.0
2025-01-13 00:09:00,0.7012,0.7015,0.701,0.7014,11883.0
2025-01-13 00:10:00,0.7014,0.7015,0.7013,0.7015,8346.0
2025-01-13 00:11:00,0.7014,0.7015,0.7012,0.7015,5122.0
2025-01-13 00:12:00,0.7014,0.7039,0.7014,0.7023,91581.0
2025-01-13 00:13:00,0.7023,0.7024,0.7021,0.7021,6100.0
2025-01-13 00:14:00,0.7022,0.7031,0.7019,0.7021,9787.0
2025-01-13 00:15:00,0.7019,0.7019,0.7016,0.7017,698.0
2025-01-13 00:16:00,0.7019,0.7027,0.7016,0.7027,9495.0
2025-01-13 00:17:00,0.7024,0.7024,0.7024,0.7024,692.0
2025-01-13 00:18:00,0.7024,0.7024,0.7023,0.7023,2074.0
2025-01-13 00:19:00,0.7023,0.7024,0.7023,0.7024,943.0
2025-01-13 00:20:00,0.7024,0.7031,0.7024,0.703,3343.0
2025-01-13 00:21:00,0.7026,0.7026,0.7023,0.7026,5655.0
2025-01-13 00:22:00,0.7024,0.7024,0.7021,0.7021,1617.0
2025-01-13 00:23:00,0.7021,0.7023,0.7021,0.7023,3378.0
2025-01-13 00:24:00,0.7023,0.703,0.7023,0.7024,10574.0
2025-01-13 00:25:00,0.7026,0.705,0.7024,0.7028,170164.0
2025-01-13 00:26:00,0.703,0.7038,0.703,0.7037,41991.0
2025-01-13 00:27:00,0.7037,0.7039,0.7036,0.7038,29638.0
2025-01-13 00:28:00,0.704,0.706,0.704,0.7052,66140.0
2025-01-13 00:29:00,0.7052,0.7055,0.705,0.7054,36279.0
2025-01-13 00:30:00,0.7054,0.7066,0.7054,0.7061,44424.0
2025-01-13 00:31:00,0.7061,0.7085,0.7058,0.7075,34114.0
2025-01-13 00:32:00,0.7077,0.7089,0.7072,0.708,65114.0
2025-01-13 00:33:00,0.7077,0.7082,0.7076,0.708,10634.0
2025-01-13 00:34:00,0.7081,0.709,0.7081,0.7082,17652.0
2025-01-13 00:35:00,0.7082,0.7092,0.7081,0.7088,29131.0
2025-01-13 00:36:00,0.7088,0.7093,0.7088,0.709,12458.0
2025-01-13 00:37:00,0.709,0.7093,0.7089,0.709,7282.0
2025-01-13 00:38:00,0.7089,0.7089,0.7075,0.7088,24144.0
2025-01-13 00:39:00,0.7087,0.709,0.7077,0.7089,41938.0
2025-01-13 00:40:00,0.709,0.709,0.7088,0.7089,11636.0
2025-01-13 00:41:00,0.709,0.7091,0.7089,0.7091,10318.0
2025-01-13 00:42:00,0.7091,0.7091,0.7088,0.7091,13237.0
2025-01-13 00:43:00,0.7089,0.7092,0.7071,0.7083,41009.0
2025-01-13 00:44:00,0.7079,0.7088,0.7069,0.7073,4130.0
2025-01-13 00:45:00,0.7075,0.7079,0.7068,0.707,7200.0
2025-01-13 00:46:00,0.7069,0.7069,0.7063,0.7067,3475.0
2025-01-13 00:47:00,0.7067,0.7069,0.7067,0.7069,6505.0
2025-01-13 00:48:00,0.7069,0.7073,0.7065,0.7073,12287.0
2025-01-13 00:49:00,0.7076,0.7078,0.7075,0.7076,1592.0
2025-01-13 00:50:00,0.7076,0.7091,0.7076,0.7091,6017.0
2025-01-13 00:51:00,0.709,0.7091,0.7079,0.7079,6609.0
2025-01-13 00:52:00,0.7084,0.7084,0.7075,0.7075,732.0
2025-01-13 00:53:00,0.7077,0.7077,0.7066,0.7066,2567.0
2025-01-13 00:54:00,0.7065,0.7071,0.7065,0.7066,10028.0
2025-01-13 00:55:00,0.7067,0.7069,0.7065,0.7065,9288.0
2025-01-13 00:56:00,0.7067,0.707,0.7063,0.707,20119.0
2025-01-13 00:57:00,0.7066,0.7067,0.7065,0.7067,579.0
2025-01-13 00:58:00,0.7067,0.7072,0.7065,0.7065,2534.0
2025-01-13 00:59:00,0.7065,0.7071,0.7065,0.707,1451.0
2025-01-13 01:00:00,0.707,0.7071,0.7065,0.7065,3523.0
2025-01-13 01:01:00,0.707,0.707,0.7056,0.7056,70871.0
2025-01-13 01:02:00,0.7057,0.7057,0.7041,0.7044,23164.0
2025-01-13 01:03:00,0.7043,0.7044,0.7042,0.7043,1498.0
2025-01-13 01:04:00,0.7042,0.7042,0.7035,0.7036,6101.0
2025-01-13 01:05:00,0.7036,0.7036,0.7032,0.7036,123491.0
2025-01-13 01:06:00,0.7035,0.7039,0.7035,0.7039,2985.0
2025-01-13 01:07:00,0.7037,0.7039,0.7036,0.7037,4415.0
2025-01-13 01:08:00,0.7037,0.7047,0.7037,0.7044,21524.0
2025-01-13 01:09:00,0.7044,0.7047,0.7027,0.704,18375.0
2025-01-13 01:10:00,0.7039,0.7052,0.7034,0.7043,8740.0
2025-01-13 01:11:00,0.7041,0.7051,0.7035,0.7035,4733.0
2025-01-13 01:12:00,0.7037,0.7037,0.7029,0.7031,4553.0
2025-01-13 01:13:00,0.7031,0.7033,0.7031,0.7031,679.0
2025-01-13 01:14:00,0.7033,0.7046,0.7031,0.7031,4604.0
2025-01-13 01:15:00,0.7034,0.7071,0.7033,0.7049,32458.0
2025-01-13 01:16:00,0.7046,0.7061,0.7043,0.7057,13018.0
2025-01-13 01:17:00,0.7055,0.7055,0.7051,0.7051,6447.0
2025-01-13 01:18:00,0.7043,0.7051,0.7043,0.7048,2031.0
2025-01-13 01:19:00,0.7048,0.7059,0.7048,0.7056,7013.0
2025-01-13 01:20:00,0.7056,0.7061,0.7056,0.7058,4925.0
2025-01-13 01:21:00,0.7058,0.7058,0.7055,0.7055,12957.0
2025-01-13 01:22:00,0.7055,0.7058,0.7055,0.7058,12446.0
2025-01-13 01:23:00,0.7058,0.7063,0.7058,0.7062,4691.0
2025-01-13 01:24:00,0.7064,0.7064,0.7056,0.706,10926.0
2025-01-13 01:25:00,0.7058,0.7067,0.705,0.705,17647.0
2025-01-13 01:26:00,0.7048,0.7058,0.7041,0.7054,23670.0
2025-01-13 01:27:00,0.7055,0.7055,0.7055,0.7055,567.0
2025-01-13 01:28:00,0.7055,0.7056,0.7053,0.7054,2877.0
2025-01-13 01:29:00,0.7054,0.7054,0.7049,0.7049,4263.0
2025-01-13 01:30:00,0.705,0.7051,0.7049,0.705,1268.0
2025-01-13 01:31:00,0.7049,0.705,0.7037,0.704,11512.0
2025-01-13 01:32:00,0.7039,0.7046,0.7035,0.7045,5618.0
2025-01-13 01:33:00,0.7041,0.7044,0.704,0.7044,2683.0
2025-01-13 01:34:00,0.7048,0.705,0.704,0.7049,4989.0
2025-01-13 01:35:00,0.7049,0.7054,0.7045,0.7047,4732.0
2025-01-13 01:36:00,0.7047,0.7049,0.7047,0.7048,1074.0
2025-01-13 01:37:00,0.7048,0.7048,0.7036,0.7044,6122.0
2025-01-13 01:38:00,0.7045,0.7045,0.7034,0.7036,656.0
2025-01-13 01:39:00,0.7034,0.7034,0.7026,0.7028,7288.0
2025-01-13 01:40:00,0.7028,0.7028,0.7015,0.7022,19013.0
2025-01-13 01:41:00,0.7021,0.7021,0.7019,0.702,4760.0
2025-01-13 01:42:00,0.702,0.7039,0.702,0.7035,10066.0
2025-01-13 01:43:00,0.7035,0.7035,0.7022,0.7029,1948.0
2025-01-13 01:44:00,0.7029,0.7032,0.7016,0.7017,18143.0
2025-01-13 01:45:00,0.7016,0.7029,0.7015,0.7025,8348.0
2025-01-13 01:46:00,0.7025,0.7025,0.7015,0.7017,2891.0
2025-01-13 01:47:00,0.702,0.702,0.7011,0.7011,11005.0
2025-01-13 01:48:00,0.7016,0.7022,0.7012,0.7015,14492.0
2025-01-13 01:49:00,0.7015,0.7026,0.7008,0.7008,36602.0
2025-01-13 01:50:00,0.7006,0.7024,0.7,0.701,42603.0
2025-01-13 01:51:00,0.7011,0.7027,0.7,0.7011,56773.0
2025-01-13 01:52:00,0.701,0.701,0.7001,0.7006,28414.0
2025-01-13 01:53:00,0.7003,0.7006,0.7001,0.7001,26031.0
2025-01-13 01:54:00,0.7,0.7,0.6989,0.6995,33441.0
2025-01-13 01:55:00,0.6995,0.7,0.6976,0.6998,63228.0
2025-01-13 01:56:00,0.6998,0.7016,0.6993,0.6995,35429.0
2025-01-13 01:57:00,0.6996,0.7026,0.6992,0.7019,39551.0
2025-01-13 01:58:00,0.7021,0.7025,0.7008,0.7014,25634.0
2025-01-13 01:59:00,0.7019,0.7028,0.7012,0.7028,10922.0
2025-01-13 02:00:00,0.7028,0.7098,0.7025,0.7085,173306.0
2025-01-13 02:01:00,0.7083,0.7111,0.7045,0.7059,164660.0
2025-01-13 02:02:00,0.7056,0.7056,0.7024,0.7041,43922.0
2025-01-13 02:03:00,0.7032,0.7046,0.7032,0.7039,9938.0
2025-01-13 02:04:00,0.7043,0.7055,0.7036,0.7036,31216.0
2025-01-13 02:05:00,0.7032,0.7043,0.7032,0.7037,12487.0
2025-01-13 02:06:00,0.7039,0.7042,0.7019,0.7019,28311.0
2025-01-13 02:07:00,0.7019,0.7021,0.7016,0.7021,6188.0
2025-01-13 02:08:00,0.702,0.702,0.7002,0.7009,33948.0
2025-01-13 02:09:00,0.701,0.701,0.7001,0.7001,7375.0
2025-01-13 02:10:00,0.7004,0.7005,0.7004,0.7005,853.0
2025-01-13 02:11:00,0.7004,0.7004,0.7002,0.7004,4413.0
2025-01-13 02:12:00,0.7003,0.701,0.6996,0.7001,14083.0
2025-01-13 02:13:00,0.7001,0.7001,0.699,0.6996,38765.0
2025-01-13 02:14:00,0.6995,0.6999,0.6995,0.6996,12539.0
2025-01-13 02:15:00,0.6997,0.7004,0.6991,0.6999,27032.0
2025-01-13 02:16:00,0.6999,0.702,0.699,0.702,70220.0
2025-01-13 02:17:00,0.7019,0.7031,0.7018,0.7031,26412.0
2025-01-13 02:18:00,0.7033,0.7036,0.703,0.7032,11693.0
2025-01-13 02:19:00,0.7034,0.7034,0.7023,0.7029,3607.0
2025-01-13 02:20:00,0.7028,0.7041,0.7019,0.704,29725.0
2025-01-13 02:21:00,0.704,0.704,0.7038,0.7038,7388.0
2025-01-13 02:22:00,0.7039,0.7042,0.7038,0.7041,9541.0
2025-01-13 02:23:00,0.7041,0.7052,0.7041,0.705,59761.0
2025-01-13 02:24:00,0.7048,0.7048,0.7041,0.7048,2297.0
2025-01-13 02:25:00,0.7047,0.7055,0.7045,0.7051,15452.0
2025-01-13 02:26:00,0.7051,0.706,0.7051,0.7056,16795.0
2025-01-13 02:27:00,0.7056,0.7056,0.7047,0.7056,23695.0
2025-01-13 02:28:00,0.7055,0.7058,0.7055,0.7057,2470.0
2025-01-13 02:29:00,0.7058,0.7058,0.7022,0.7051,34374.0
2025-01-13 02:30:00,0.705,0.7052,0.7046,0.7051,18312.0
2025-01-13 02:31:00,0.7044,0.7045,0.7013,0.7023,46997.0
2025-01-13 02:32:00,0.7025,0.703,0.702,0.7023,12448.0
2025-01-13 02:33:00,0.7023,0.7025,0.7022,0.7023,1160.0
2025-01-13 02:34:00,0.7025,0.703,0.7023,0.7023,5573.0
2025-01-13 02:35:00,0.7026,0.7027,0.7026,0.7027,2933.0
2025-01-13 02:36:00,0.7028,0.7039,0.7028,0.7034,9306.0
2025-01-13 02:37:00,0.703,0.703,0.702,0.702,19339.0
2025-01-13 02:38:00,0.7021,0.7023,0.7012,0.7019,13679.0
2025-01-13 02:39:00,0.7019,0.7026,0.7019,0.7022,8315.0
2025-01-13 02:40:00,0.7017,0.7017,0.7011,0.7011,21577.0
2025-01-13 02:41:00,0.7011,0.7011,0.7009,0.7009,4566.0
2025-01-13 02:42:00,0.7009,0.7012,0.7009,0.701,4829.0
2025-01-13 02:43:00,0.7011,0.7012,0.7003,0.7004,11670.0
2025-01-13 02:44:00,0.7005,0.7016,0.7003,0.701,20739.0
2025-01-13 02:45:00,0.7009,0.701,0.7008,0.7008,54079.0
2025-01-13 02:46:00,0.7009,0.7016,0.7008,0.701,23244.0
2025-01-13 02:47:00,0.7008,0.7009,0.7008,0.7009,4120.0
2025-01-13 02:48:00,0.7009,0.7009,0.7008,0.7009,538.0
2025-01-13 02:49:00,0.7008,0.7008,0.6996,0.6997,28983.0
2025-01-13 02:50:00,0.6997,0.6997,0.6931,0.6982,162923.0
2025-01-13 02:51:00,0.6981,0.6983,0.69,0.6925,250999.0
2025-01-13 02:52:00,0.6927,0.6958,0.69,0.6957,100138.0
2025-01-13 02:53:00,0.6955,0.6958,0.6932,0.6944,87030.0
2025-01-13 02:54:00,0.6944,0.6946,0.6931,0.6944,38427.0
2025-01-13 02:55:00,0.6954,0.6963,0.6954,0.6961,1358.0
2025-01-13 02:56:00,0.6963,0.6972,0.6963,0.6971,4843.0
2025-01-13 02:57:00,0.6972,0.698,0.6972,0.698,15803.0
2025-01-13 02:58:00,0.698,0.6987,0.6976,0.6986,26912.0
2025-01-13 02:59:00,0.6987,0.7001,0.6987,0.6994,41131.0
